<?xml version="1.0" encoding="UTF-8"?>
<root>
  <item name="androidx.recommendation.app.ContentRecommendation void setStatus(int) 0">
    <annotation name="androidx.annotation.IntDef">
      <val name="value" val="{androidx.recommendation.app.ContentRecommendation.CONTENT_STATUS_READY, androidx.recommendation.app.ContentRecommendation.CONTENT_STATUS_PENDING, androidx.recommendation.app.ContentRecommendation.CONTENT_STATUS_AVAILABLE, androidx.recommendation.app.ContentRecommendation.CONTENT_STATUS_UNAVAILABLE}" />
    </annotation>
  </item>
  <item name="androidx.recommendation.app.ContentRecommendation.Builder androidx.recommendation.app.ContentRecommendation.Builder setContentIntentData(int, android.content.Intent, int, android.os.Bundle) 0">
    <annotation name="androidx.annotation.IntDef">
      <val name="value" val="{androidx.recommendation.app.ContentRecommendation.INTENT_TYPE_ACTIVITY, androidx.recommendation.app.ContentRecommendation.INTENT_TYPE_BROADCAST, androidx.recommendation.app.ContentRecommendation.INTENT_TYPE_SERVICE}" />
    </annotation>
  </item>
  <item name="androidx.recommendation.app.ContentRecommendation.Builder androidx.recommendation.app.ContentRecommendation.Builder setDismissIntentData(int, android.content.Intent, int, android.os.Bundle) 0">
    <annotation name="androidx.annotation.IntDef">
      <val name="value" val="{androidx.recommendation.app.ContentRecommendation.INTENT_TYPE_ACTIVITY, androidx.recommendation.app.ContentRecommendation.INTENT_TYPE_BROADCAST, androidx.recommendation.app.ContentRecommendation.INTENT_TYPE_SERVICE}" />
    </annotation>
  </item>
  <item name="androidx.recommendation.app.ContentRecommendation.Builder androidx.recommendation.app.ContentRecommendation.Builder setMaturityRating(java.lang.String) 0">
    <annotation name="androidx.annotation.StringDef">
      <val name="value" val="{androidx.recommendation.app.ContentRecommendation.CONTENT_MATURITY_ALL, androidx.recommendation.app.ContentRecommendation.CONTENT_MATURITY_LOW, androidx.recommendation.app.ContentRecommendation.CONTENT_MATURITY_MEDIUM, androidx.recommendation.app.ContentRecommendation.CONTENT_MATURITY_HIGH}" />
    </annotation>
  </item>
  <item name="androidx.recommendation.app.ContentRecommendation.Builder androidx.recommendation.app.ContentRecommendation.Builder setPricingInformation(java.lang.String, java.lang.String) 0">
    <annotation name="androidx.annotation.StringDef">
      <val name="value" val="{androidx.recommendation.app.ContentRecommendation.CONTENT_PRICING_FREE, androidx.recommendation.app.ContentRecommendation.CONTENT_PRICING_RENTAL, androidx.recommendation.app.ContentRecommendation.CONTENT_PRICING_PURCHASE, androidx.recommendation.app.ContentRecommendation.CONTENT_PRICING_PREORDER, androidx.recommendation.app.ContentRecommendation.CONTENT_PRICING_SUBSCRIPTION}" />
    </annotation>
  </item>
  <item name="androidx.recommendation.app.ContentRecommendation.Builder androidx.recommendation.app.ContentRecommendation.Builder setStatus(int) 0">
    <annotation name="androidx.annotation.IntDef">
      <val name="value" val="{androidx.recommendation.app.ContentRecommendation.CONTENT_STATUS_READY, androidx.recommendation.app.ContentRecommendation.CONTENT_STATUS_PENDING, androidx.recommendation.app.ContentRecommendation.CONTENT_STATUS_AVAILABLE, androidx.recommendation.app.ContentRecommendation.CONTENT_STATUS_UNAVAILABLE}" />
    </annotation>
  </item>
  <item name="androidx.recommendation.app.ContentRecommendation.ContentMaturity">
    <annotation name="androidx.annotation.StringDef">
      <val name="value" val="{androidx.recommendation.app.ContentRecommendation.CONTENT_MATURITY_ALL, androidx.recommendation.app.ContentRecommendation.CONTENT_MATURITY_LOW, androidx.recommendation.app.ContentRecommendation.CONTENT_MATURITY_MEDIUM, androidx.recommendation.app.ContentRecommendation.CONTENT_MATURITY_HIGH}" />
    </annotation>
  </item>
  <item name="androidx.recommendation.app.ContentRecommendation.ContentPricing">
    <annotation name="androidx.annotation.StringDef">
      <val name="value" val="{androidx.recommendation.app.ContentRecommendation.CONTENT_PRICING_FREE, androidx.recommendation.app.ContentRecommendation.CONTENT_PRICING_RENTAL, androidx.recommendation.app.ContentRecommendation.CONTENT_PRICING_PURCHASE, androidx.recommendation.app.ContentRecommendation.CONTENT_PRICING_PREORDER, androidx.recommendation.app.ContentRecommendation.CONTENT_PRICING_SUBSCRIPTION}" />
    </annotation>
  </item>
  <item name="androidx.recommendation.app.ContentRecommendation.ContentStatus">
    <annotation name="androidx.annotation.IntDef">
      <val name="value" val="{androidx.recommendation.app.ContentRecommendation.CONTENT_STATUS_READY, androidx.recommendation.app.ContentRecommendation.CONTENT_STATUS_PENDING, androidx.recommendation.app.ContentRecommendation.CONTENT_STATUS_AVAILABLE, androidx.recommendation.app.ContentRecommendation.CONTENT_STATUS_UNAVAILABLE}" />
    </annotation>
  </item>
  <item name="androidx.recommendation.app.ContentRecommendation.ContentType">
    <annotation name="androidx.annotation.StringDef">
      <val name="value" val="{androidx.recommendation.app.ContentRecommendation.CONTENT_TYPE_VIDEO, androidx.recommendation.app.ContentRecommendation.CONTENT_TYPE_MOVIE, androidx.recommendation.app.ContentRecommendation.CONTENT_TYPE_TRAILER, androidx.recommendation.app.ContentRecommendation.CONTENT_TYPE_SERIAL, androidx.recommendation.app.ContentRecommendation.CONTENT_TYPE_MUSIC, androidx.recommendation.app.ContentRecommendation.CONTENT_TYPE_RADIO, androidx.recommendation.app.ContentRecommendation.CONTENT_TYPE_PODCAST, androidx.recommendation.app.ContentRecommendation.CONTENT_TYPE_NEWS, androidx.recommendation.app.ContentRecommendation.CONTENT_TYPE_SPORTS, androidx.recommendation.app.ContentRecommendation.CONTENT_TYPE_APP, androidx.recommendation.app.ContentRecommendation.CONTENT_TYPE_GAME, androidx.recommendation.app.ContentRecommendation.CONTENT_TYPE_BOOK, androidx.recommendation.app.ContentRecommendation.CONTENT_TYPE_COMIC, androidx.recommendation.app.ContentRecommendation.CONTENT_TYPE_MAGAZINE, androidx.recommendation.app.ContentRecommendation.CONTENT_TYPE_WEBSITE}" />
    </annotation>
  </item>
  <item name="androidx.recommendation.app.ContentRecommendation.IntentType">
    <annotation name="androidx.annotation.IntDef">
      <val name="value" val="{androidx.recommendation.app.ContentRecommendation.INTENT_TYPE_ACTIVITY, androidx.recommendation.app.ContentRecommendation.INTENT_TYPE_BROADCAST, androidx.recommendation.app.ContentRecommendation.INTENT_TYPE_SERVICE}" />
    </annotation>
  </item>
  <item name="androidx.recommendation.app.RecommendationExtender androidx.recommendation.app.RecommendationExtender setMaturityRating(java.lang.String) 0">
    <annotation name="androidx.annotation.StringDef">
      <val name="value" val="{androidx.recommendation.app.ContentRecommendation.CONTENT_MATURITY_ALL, androidx.recommendation.app.ContentRecommendation.CONTENT_MATURITY_LOW, androidx.recommendation.app.ContentRecommendation.CONTENT_MATURITY_MEDIUM, androidx.recommendation.app.ContentRecommendation.CONTENT_MATURITY_HIGH}" />
    </annotation>
  </item>
  <item name="androidx.recommendation.app.RecommendationExtender androidx.recommendation.app.RecommendationExtender setPricingInformation(java.lang.String, java.lang.String) 0">
    <annotation name="androidx.annotation.StringDef">
      <val name="value" val="{androidx.recommendation.app.ContentRecommendation.CONTENT_PRICING_FREE, androidx.recommendation.app.ContentRecommendation.CONTENT_PRICING_RENTAL, androidx.recommendation.app.ContentRecommendation.CONTENT_PRICING_PURCHASE, androidx.recommendation.app.ContentRecommendation.CONTENT_PRICING_PREORDER, androidx.recommendation.app.ContentRecommendation.CONTENT_PRICING_SUBSCRIPTION}" />
    </annotation>
  </item>
  <item name="androidx.recommendation.app.RecommendationExtender androidx.recommendation.app.RecommendationExtender setStatus(int) 0">
    <annotation name="androidx.annotation.IntDef">
      <val name="value" val="{androidx.recommendation.app.ContentRecommendation.CONTENT_STATUS_READY, androidx.recommendation.app.ContentRecommendation.CONTENT_STATUS_PENDING, androidx.recommendation.app.ContentRecommendation.CONTENT_STATUS_AVAILABLE, androidx.recommendation.app.ContentRecommendation.CONTENT_STATUS_UNAVAILABLE}" />
    </annotation>
  </item>
</root>

